struct,subject,feature,family,cov,n_raters
ut,D1-000,shape_aniso,shape,0.10146250105766413,3
ut,D1-000,shape_aspect_yx,shape,0.057308240689243284,3
ut,D1-000,shape_aspect_zx,shape,0.26736004068345576,3
ut,D1-000,shape_elong_21,shape,0.050006162942540976,3
ut,D1-000,shape_elong_31,shape,0.3570013442132142,3
ut,D1-000,shape_flatness,shape,0.35660761238956723,3
ut,D1-000,shape_sa_vol_norm,shape,0.015713878002722576,3
ut,D1-000,shape_sphericity,shape,0.0156178777219291,3
ut,D1-000,size_area_mm2,size,0.16461002881728845,3
ut,D1-000,size_bbox_diag,size,0.054896749918795396,3
ut,D1-000,size_bbox_x,size,0.021016374549338197,3
ut,D1-000,size_bbox_y,size,0.07405427115940523,3
ut,D1-000,size_bbox_z,size,0.28112534661148936,3
ut,D1-000,size_centroid,size,0.03513864007257778,3
ut,D1-000,size_volume_mm3,size,0.22037045561547497,3
ut,D1-001,shape_aniso,shape,0.20304316867036057,3
ut,D1-001,shape_aspect_yx,shape,0.03956779818546985,3
ut,D1-001,shape_aspect_zx,shape,0.24591062250896506,3
ut,D1-001,shape_elong_21,shape,0.21402758522106685,3
ut,D1-001,shape_elong_31,shape,0.26069181196554414,3
ut,D1-001,shape_flatness,shape,0.0638019248284682,3
ut,D1-001,shape_sa_vol_norm,shape,0.09483730578160908,3
ut,D1-001,shape_sphericity,shape,0.09104739378385962,3
ut,D1-001,size_area_mm2,size,0.1569493152148723,3
ut,D1-001,size_bbox_diag,size,0.060551437527654524,3
ut,D1-001,size_bbox_x,size,0.04144843398371979,3
ut,D1-001,size_bbox_y,size,0.00756946597926594,3
ut,D1-001,size_bbox_z,size,0.2525137254904752,3
ut,D1-001,size_centroid,size,0.04797207552494751,3
ut,D1-001,size_volume_mm3,size,0.18584742674382548,3
ut,D1-002,shape_aniso,shape,0.1181859601369028,3
ut,D1-002,shape_aspect_yx,shape,0.02874658810231025,3
ut,D1-002,shape_aspect_zx,shape,0.06311085282193091,3
ut,D1-002,shape_elong_21,shape,0.09501134852785341,3
ut,D1-002,shape_elong_31,shape,0.11293970830645832,3
ut,D1-002,shape_flatness,shape,0.04273080808186818,3
ut,D1-002,shape_sa_vol_norm,shape,0.1622421683356212,3
ut,D1-002,shape_sphericity,shape,0.1506059396640286,3
ut,D1-002,size_area_mm2,size,0.16285898818362762,3
ut,D1-002,size_bbox_diag,size,0.03984338497670306,3
ut,D1-002,size_bbox_x,size,0.03789515200240152,3
ut,D1-002,size_bbox_y,size,0.06556527827235899,3
ut,D1-002,size_bbox_z,size,0.050899179943626846,3
ut,D1-002,size_centroid,size,0.05750763448947633,3
ut,D1-002,size_volume_mm3,size,0.15887600294980472,3
ut,D1-003,shape_aniso,shape,0.1123408290763506,3
ut,D1-003,shape_aspect_yx,shape,0.04917103954243371,3
ut,D1-003,shape_aspect_zx,shape,0.11117975803568036,3
ut,D1-003,shape_elong_21,shape,0.21637318552833038,3
ut,D1-003,shape_elong_31,shape,0.22124304210606116,3
ut,D1-003,shape_flatness,shape,0.007122947882093612,3
ut,D1-003,shape_sa_vol_norm,shape,0.09792537875431077,3
ut,D1-003,shape_sphericity,shape,0.0944060143733683,3
ut,D1-003,size_area_mm2,size,0.18515926695989476,3
ut,D1-003,size_bbox_diag,size,0.10358112880350874,3
ut,D1-003,size_bbox_x,size,0.11318910114096861,3
ut,D1-003,size_bbox_y,size,0.14193453639949374,3
ut,D1-003,size_bbox_z,size,0.0922943304495135,3
ut,D1-003,size_centroid,size,0.07731173375539137,3
ut,D1-003,size_volume_mm3,size,0.14231451178320895,3
ut,D1-004,shape_aniso,shape,0.07456518963895334,3
ut,D1-004,shape_aspect_yx,shape,0.04462586396688049,3
ut,D1-004,shape_aspect_zx,shape,0.08163638017814816,3
ut,D1-004,shape_elong_21,shape,0.43371183058931717,3
ut,D1-004,shape_elong_31,shape,0.28695426137990415,3
ut,D1-004,shape_flatness,shape,0.5103319209431386,3
ut,D1-004,shape_sa_vol_norm,shape,0.029184502561331618,3
ut,D1-004,shape_sphericity,shape,0.028912922155332234,3
ut,D1-004,size_area_mm2,size,0.40708106704821395,3
ut,D1-004,size_bbox_diag,size,0.20192001533924453,3
ut,D1-004,size_bbox_x,size,0.19894603306635922,3
ut,D1-004,size_bbox_y,size,0.23357380187870821,3
ut,D1-004,size_bbox_z,size,0.16705982961714266,3
ut,D1-004,size_centroid,size,0.219656253278108,3
ut,D1-004,size_volume_mm3,size,0.5373999812908166,3
ut,D1-006,shape_aniso,shape,0.19124456839293552,3
ut,D1-006,shape_aspect_yx,shape,0.1537073356616038,3
ut,D1-006,shape_aspect_zx,shape,0.1467495642557043,3
ut,D1-006,shape_elong_21,shape,0.3661644952101761,3
ut,D1-006,shape_elong_31,shape,0.24970085852339596,3
ut,D1-006,shape_flatness,shape,0.12386830944729996,3
ut,D1-006,shape_sa_vol_norm,shape,0.07853412833058118,3
ut,D1-006,shape_sphericity,shape,0.07666981839545914,3
ut,D1-006,size_area_mm2,size,0.12189904663571008,3
ut,D1-006,size_bbox_diag,size,0.07370499662061049,3
ut,D1-006,size_bbox_x,size,0.1440027847413383,3
ut,D1-006,size_bbox_y,size,0.009592338273586708,3
ut,D1-006,size_bbox_z,size,0.010841017853670485,3
ut,D1-006,size_centroid,size,0.06369253705906888,3
ut,D1-006,size_volume_mm3,size,0.12424248538659702,3
ut,D1-008,shape_aniso,shape,0.12279513535077675,3
ut,D1-008,shape_aspect_yx,shape,0.15471663841102987,3
ut,D1-008,shape_aspect_zx,shape,0.17370063198081956,3
ut,D1-008,shape_elong_21,shape,0.11428127789984104,3
ut,D1-008,shape_elong_31,shape,0.25319401686641085,3
ut,D1-008,shape_flatness,shape,0.1729746066007088,3
ut,D1-008,shape_sa_vol_norm,shape,0.17888390634729626,3
ut,D1-008,shape_sphericity,shape,0.16392526449729217,3
ut,D1-008,size_area_mm2,size,0.4929031163451825,3
ut,D1-008,size_bbox_diag,size,0.2681821985883222,3
ut,D1-008,size_bbox_x,size,0.36894773987499263,3
ut,D1-008,size_bbox_y,size,0.1885786998869704,3
ut,D1-008,size_bbox_z,size,0.20016142884378174,3
ut,D1-008,size_centroid,size,0.1837088024911768,3
ut,D1-008,size_volume_mm3,size,0.46542300932401576,3
ut,D1-009,shape_aniso,shape,0.028033346055031546,2
ut,D1-009,shape_aspect_yx,shape,0.07935764678378047,2
ut,D1-009,shape_aspect_zx,shape,0.016646669127770283,2
ut,D1-009,shape_elong_21,shape,0.01590022746436447,2
ut,D1-009,shape_elong_31,shape,0.06735157656188961,2
ut,D1-009,shape_flatness,shape,0.08316274459503474,2
ut,D1-009,shape_sa_vol_norm,shape,0.04483104685708105,2
ut,D1-009,shape_sphericity,shape,0.04483104685708113,2
ut,D1-009,size_area_mm2,size,0.06524829669224247,2
ut,D1-009,size_bbox_diag,size,0.07524985890847743,2
ut,D1-009,size_bbox_x,size,0.045566782126610576,2
ut,D1-009,size_bbox_y,size,0.12447432072966284,2
ut,D1-009,size_bbox_z,size,0.06216629593406305,2
ut,D1-009,size_centroid,size,0.03397988791257201,2
ut,D1-009,size_volume_mm3,size,0.03071035704037865,2
ut,D1-010,shape_aniso,shape,0.03455313167205315,3
ut,D1-010,shape_aspect_yx,shape,0.0037969139970790654,3
ut,D1-010,shape_aspect_zx,shape,0.02099593165094893,3
ut,D1-010,shape_elong_21,shape,0.07735527546051195,3
ut,D1-010,shape_elong_31,shape,0.04051670660805507,3
ut,D1-010,shape_flatness,shape,0.08975309973759746,3
ut,D1-010,shape_sa_vol_norm,shape,0.00709516839946509,3
ut,D1-010,shape_sphericity,shape,0.007062248415536809,3
ut,D1-010,size_area_mm2,size,0.018546325045181816,3
ut,D1-010,size_bbox_diag,size,0.004313128313204089,3
ut,D1-010,size_bbox_x,size,0.0067743401483424705,3
ut,D1-010,size_bbox_y,size,0.005045751315482259,3
ut,D1-010,size_bbox_z,size,0.017510160005266426,3
ut,D1-010,size_centroid,size,0.011077969886019062,3
ut,D1-010,size_volume_mm3,size,0.037344783473552516,3
ut,D1-017,shape_aniso,shape,0.06640207977073356,2
ut,D1-017,shape_aspect_yx,shape,0.09472275984998534,2
ut,D1-017,shape_aspect_zx,shape,0.07075864701720352,2
ut,D1-017,shape_elong_21,shape,0.11421697665424052,2
ut,D1-017,shape_elong_31,shape,0.17177303938278735,2
ut,D1-017,shape_flatness,shape,0.05870787586562612,2
ut,D1-017,shape_sa_vol_norm,shape,0.05108794670981949,2
ut,D1-017,shape_sphericity,shape,0.05108794670981955,2
ut,D1-017,size_area_mm2,size,0.09984732882306714,2
ut,D1-017,size_bbox_diag,size,0.05061846403416531,2
ut,D1-017,size_bbox_x,size,0.09316328945211265,2
ut,D1-017,size_bbox_y,size,0.0015733547562490962,2
ut,D1-017,size_bbox_z,size,0.022553316339040303,2
ut,D1-017,size_centroid,size,0.045816541683218415,2
ut,D1-017,size_volume_mm3,size,0.07344054817676532,2
ut,D1-019,shape_aniso,shape,0.05860580897254011,2
ut,D1-019,shape_aspect_yx,shape,0.11199137796671642,2
ut,D1-019,shape_aspect_zx,shape,0.06987895752834221,2
ut,D1-019,shape_elong_21,shape,0.1271089338179442,2
ut,D1-019,shape_elong_31,shape,0.14061391500676232,2
ut,D1-019,shape_flatness,shape,0.2630217855388327,2
ut,D1-019,shape_sa_vol_norm,shape,0.05406240526912591,2
ut,D1-019,shape_sphericity,shape,0.05406240526912587,2
ut,D1-019,size_area_mm2,size,0.004921039632941132,2
ut,D1-019,size_bbox_diag,size,0.027216494610132588,2
ut,D1-019,size_bbox_x,size,0.006928238722914347,2
ut,D1-019,size_bbox_y,size,0.11882741813924057,2
ut,D1-019,size_bbox_z,size,0.06298121040893723,2
ut,D1-019,size_centroid,size,0.019226638815828808,2
ut,D1-019,size_volume_mm3,size,0.08832361735831175,2
ut,D1-020,shape_aniso,shape,0.1827235747109734,2
ut,D1-020,shape_aspect_yx,shape,0.19994388020048284,2
ut,D1-020,shape_aspect_zx,shape,0.25705641239524707,2
ut,D1-020,shape_elong_21,shape,0.5186685756682048,2
ut,D1-020,shape_elong_31,shape,0.5468850506782326,2
ut,D1-020,shape_flatness,shape,0.039389345075958315,2
ut,D1-020,shape_sa_vol_norm,shape,0.07922321245092623,2
ut,D1-020,shape_sphericity,shape,0.079223212450926,2
ut,D1-020,size_area_mm2,size,0.0316346334084225,2
ut,D1-020,size_bbox_diag,size,0.04303120709326254,2
ut,D1-020,size_bbox_x,size,0.16114452372400634,2
ut,D1-020,size_bbox_y,size,0.04009108569892391,2
ut,D1-020,size_bbox_z,size,0.10005655466278626,2
ut,D1-020,size_centroid,size,0.08693196206335226,2
ut,D1-020,size_volume_mm3,size,0.07149439706312039,2
ut,D1-023,shape_aniso,shape,0.054058351734343854,2
ut,D1-023,shape_aspect_yx,shape,0.01843748771589383,2
ut,D1-023,shape_aspect_zx,shape,0.0234770125094788,2
ut,D1-023,shape_elong_21,shape,0.10392549545910566,2
ut,D1-023,shape_elong_31,shape,0.12747663412105417,2
ut,D1-023,shape_flatness,shape,0.023867334840973704,2
ut,D1-023,shape_sa_vol_norm,shape,0.011027427312791884,2
ut,D1-023,shape_sphericity,shape,0.011027427312791925,2
ut,D1-023,size_area_mm2,size,0.036797092607706486,2
ut,D1-023,size_bbox_diag,size,0.007950046641530439,2
ut,D1-023,size_bbox_x,size,0.01966781145372989,2
ut,D1-023,size_bbox_y,size,0.0012307700458634816,2
ut,D1-023,size_bbox_z,size,0.003810960734305413,2
ut,D1-023,size_centroid,size,4.7053358015488964e-05,2
ut,D1-023,size_volume_mm3,size,0.038659482900432564,2
ut,D1-024,shape_aniso,shape,0.032725257143897374,2
ut,D1-024,shape_aspect_yx,shape,0.05899609370355515,2
ut,D1-024,shape_aspect_zx,shape,0.075192662274751,2
ut,D1-024,shape_elong_21,shape,0.11986487766580206,2
ut,D1-024,shape_elong_31,shape,0.10210349634273941,2
ut,D1-024,shape_flatness,shape,0.017981449506333017,2
ut,D1-024,shape_sa_vol_norm,shape,0.11471009081635794,2
ut,D1-024,shape_sphericity,shape,0.11471009081635793,2
ut,D1-024,size_area_mm2,size,0.2414428800509552,2
ut,D1-024,size_bbox_diag,size,0.09065907837379499,2
ut,D1-024,size_bbox_x,size,0.09184636379881475,2
ut,D1-024,size_bbox_y,size,0.03302924157357359,2
ut,D1-024,size_bbox_z,size,0.16589333804546333,2
ut,D1-024,size_centroid,size,0.05535350234740516,2
ut,D1-024,size_volume_mm3,size,0.194137125048695,2
ut,D1-025,shape_aniso,shape,0.0473567123669517,2
ut,D1-025,shape_aspect_yx,shape,0.010692980857494247,2
ut,D1-025,shape_aspect_zx,shape,0.11278771375977359,2
ut,D1-025,shape_elong_21,shape,0.21600122913457018,2
ut,D1-025,shape_elong_31,shape,0.05733108106026754,2
ut,D1-025,shape_flatness,shape,0.16065969084757326,2
ut,D1-025,shape_sa_vol_norm,shape,0.06647812541889829,2
ut,D1-025,shape_sphericity,shape,0.0664781254188984,2
ut,D1-025,size_area_mm2,size,0.1922833993074881,2
ut,D1-025,size_bbox_diag,size,0.11035084138578947,2
ut,D1-025,size_bbox_x,size,0.14124857190919543,2
ut,D1-025,size_bbox_y,size,0.1307530763501541,2
ut,D1-025,size_bbox_z,size,0.028921611332879568,2
ut,D1-025,size_centroid,size,0.06614707061450342,2
ut,D1-025,size_volume_mm3,size,0.18986417662948066,2
ut,D1-027,shape_aniso,shape,0.01640073885320739,2
ut,D1-027,shape_aspect_yx,shape,0.00781176150595597,2
ut,D1-027,shape_aspect_zx,shape,0.17753035165775388,2
ut,D1-027,shape_elong_21,shape,0.07012409803713009,2
ut,D1-027,shape_elong_31,shape,0.030676996466966523,2
ut,D1-027,shape_flatness,shape,0.10058471699205482,2
ut,D1-027,shape_sa_vol_norm,shape,0.18918113937324935,2
ut,D1-027,shape_sphericity,shape,0.18918113937324926,2
ut,D1-027,size_area_mm2,size,0.8826489101763814,2
ut,D1-027,size_bbox_diag,size,0.5770842332065325,2
ut,D1-027,size_bbox_x,size,0.5538519331337342,2
ut,D1-027,size_bbox_y,size,0.5484129125662118,2
ut,D1-027,size_bbox_z,size,0.6659066604961298,2
ut,D1-027,size_centroid,size,0.521932228084666,2
ut,D1-027,size_volume_mm3,size,0.9462038413461064,2
ut,D1-028,shape_aniso,shape,0.11801438102650555,2
ut,D1-028,shape_aspect_yx,shape,0.10495338518118792,2
ut,D1-028,shape_aspect_zx,shape,0.2027798586607795,2
ut,D1-028,shape_elong_21,shape,0.1665006952933334,2
ut,D1-028,shape_elong_31,shape,0.2385034363730413,2
ut,D1-028,shape_flatness,shape,0.07498028216390266,2
ut,D1-028,shape_sa_vol_norm,shape,0.12132556323664077,2
ut,D1-028,shape_sphericity,shape,0.12132556323664068,2
ut,D1-028,size_area_mm2,size,0.2434269484661069,2
ut,D1-028,size_bbox_diag,size,0.10766196896432545,2
ut,D1-028,size_bbox_x,size,0.04762528380237404,2
ut,D1-028,size_bbox_y,size,0.151819807580811,2
ut,D1-028,size_bbox_z,size,0.24800999871815468,2
ut,D1-028,size_centroid,size,0.04906936401354747,2
ut,D1-028,size_volume_mm3,size,0.1874869650700929,2
ut,D1-032,shape_aniso,shape,0.0026521588533093133,2
ut,D1-032,shape_aspect_yx,shape,0.02319234906761558,2
ut,D1-032,shape_aspect_zx,shape,0.10083776364447034,2
ut,D1-032,shape_elong_21,shape,0.04230165223369209,2
ut,D1-032,shape_elong_31,shape,0.00574073127249256,2
ut,D1-032,shape_flatness,shape,0.036569801660255266,2
ut,D1-032,shape_sa_vol_norm,shape,0.022909767000130584,2
ut,D1-032,shape_sphericity,shape,0.02290976700013069,2
ut,D1-032,size_area_mm2,size,0.009567957859105794,2
ut,D1-032,size_bbox_diag,size,0.014840730337814472,2
ut,D1-032,size_bbox_x,size,0.02737716051344769,2
ut,D1-032,size_bbox_y,size,0.05053742131726032,2
ut,D1-032,size_bbox_z,size,0.0736639636732279,2
ut,D1-032,size_centroid,size,0.013518082875381345,2
ut,D1-032,size_volume_mm3,size,0.04868452081426203,2
ut,D1-034,shape_aniso,shape,0.16529616398689484,2
ut,D1-034,shape_aspect_yx,shape,0.029600459103639114,2
ut,D1-034,shape_aspect_zx,shape,0.09362983133510738,2
ut,D1-034,shape_elong_21,shape,0.22611972941211014,2
ut,D1-034,shape_elong_31,shape,0.35434619318673855,2
ut,D1-034,shape_flatness,shape,0.1393954799532239,2
ut,D1-034,shape_sa_vol_norm,shape,0.013324717858738667,2
ut,D1-034,shape_sphericity,shape,0.013324717858738502,2
ut,D1-034,size_area_mm2,size,0.06116964724155532,2
ut,D1-034,size_bbox_diag,size,0.08994654880614072,2
ut,D1-034,size_bbox_x,size,0.060687548271162815,2
ut,D1-034,size_bbox_y,size,0.09012610670316884,2
ut,D1-034,size_bbox_z,size,0.15344547710087808,2
ut,D1-034,size_centroid,size,0.06948416493178403,2
ut,D1-034,size_volume_mm3,size,0.07175736436867519,2
ut,D1-036,shape_aniso,shape,0.3894863015885139,2
ut,D1-036,shape_aspect_yx,shape,0.13696777725102774,2
ut,D1-036,shape_aspect_zx,shape,0.0942074002111087,2
ut,D1-036,shape_elong_21,shape,0.40523363691119485,2
ut,D1-036,shape_elong_31,shape,0.4693058365955913,2
ut,D1-036,shape_flatness,shape,0.0791189176302412,2
ut,D1-036,shape_sa_vol_norm,shape,0.08194162958705256,2
ut,D1-036,shape_sphericity,shape,0.08194162958705249,2
ut,D1-036,size_area_mm2,size,0.14707901849714922,2
ut,D1-036,size_bbox_diag,size,0.1009918383335695,2
ut,D1-036,size_bbox_x,size,0.16095238818643695,2
ut,D1-036,size_bbox_y,size,0.024525277818164784,2
ut,D1-036,size_bbox_z,size,0.06777261781189213,2
ut,D1-036,size_centroid,size,0.08717410192953534,2
ut,D1-036,size_volume_mm3,size,0.09871909460944765,2
ut,D1-037,shape_aniso,shape,0.007685748235573615,2
ut,D1-037,shape_aspect_yx,shape,0.08480021164066728,2
ut,D1-037,shape_aspect_zx,shape,0.11669563050861981,2
ut,D1-037,shape_elong_21,shape,0.0028426283305882506,2
ut,D1-037,shape_elong_31,shape,0.042684715484873105,2
ut,D1-037,shape_flatness,shape,0.03984692205156008,2
ut,D1-037,shape_sa_vol_norm,shape,0.14270436433112052,2
ut,D1-037,shape_sphericity,shape,0.14270436433112055,2
ut,D1-037,size_area_mm2,size,0.03636878420499276,2
ut,D1-037,size_bbox_diag,size,0.06651092575549723,2
ut,D1-037,size_bbox_x,size,0.011857707509881422,2
ut,D1-037,size_bbox_y,size,0.09656082375579747,2
ut,D1-037,size_bbox_z,size,0.12837569908790383,2
ut,D1-037,size_centroid,size,0.08039170887221055,2
ut,D1-037,size_volume_mm3,size,0.1595748138998147,2
ut,D1-038,shape_aniso,shape,0.10663419919893982,2
ut,D1-038,shape_aspect_yx,shape,0.23563555511397233,2
ut,D1-038,shape_aspect_zx,shape,0.28400297080524,2
ut,D1-038,shape_elong_21,shape,0.2072372016549701,2
ut,D1-038,shape_elong_31,shape,0.12125778174801387,2
ut,D1-038,shape_flatness,shape,0.0881957005465482,2
ut,D1-038,shape_sa_vol_norm,shape,0.15634717500844716,2
ut,D1-038,shape_sphericity,shape,0.15634717500844714,2
ut,D1-038,size_area_mm2,size,0.1926583059047393,2
ut,D1-038,size_bbox_diag,size,0.15263376066649775,2
ut,D1-038,size_bbox_x,size,0.27603551110668273,2
ut,D1-038,size_bbox_y,size,0.04321053239391465,2
ut,D1-038,size_bbox_z,size,0.008645199276273509,2
ut,D1-038,size_centroid,size,0.005545335514376864,2
ut,D1-038,size_volume_mm3,size,0.05612548811966377,2
ut,D1-039,shape_aniso,shape,0.08877897105131714,2
ut,D1-039,shape_aspect_yx,shape,0.0022630283527494007,2
ut,D1-039,shape_aspect_zx,shape,0.028488109476058548,2
ut,D1-039,shape_elong_21,shape,0.02606806509950131,2
ut,D1-039,shape_elong_31,shape,0.04746988327239357,2
ut,D1-039,shape_flatness,shape,0.021428334622873534,2
ut,D1-039,shape_sa_vol_norm,shape,0.024039583500710813,2
ut,D1-039,shape_sphericity,shape,0.024039583500710896,2
ut,D1-039,size_area_mm2,size,0.005592248144971335,2
ut,D1-039,size_bbox_diag,size,0.034718707950015595,2
ut,D1-039,size_bbox_x,size,0.04387535214018509,2
ut,D1-039,size_bbox_y,size,0.04161645593386519,2
ut,D1-039,size_bbox_z,size,0.01540649964606214,2
ut,D1-039,size_centroid,size,0.024483989334720888,2
ut,D1-039,size_volume_mm3,size,0.04442552245112625,2
ut,D1-040,shape_aniso,shape,0.21867028658523183,2
ut,D1-040,shape_aspect_yx,shape,0.30817804235317997,2
ut,D1-040,shape_aspect_zx,shape,0.24375014281192106,2
ut,D1-040,shape_elong_21,shape,0.44797084723347036,2
ut,D1-040,shape_elong_31,shape,0.41289312861222777,2
ut,D1-040,shape_flatness,shape,0.04303824894121954,2
ut,D1-040,shape_sa_vol_norm,shape,0.02116802943519905,2
ut,D1-040,shape_sphericity,shape,0.02116802943519917,2
ut,D1-040,size_area_mm2,size,0.8466953623121295,2
ut,D1-040,size_bbox_diag,size,0.5246449996931465,2
ut,D1-040,size_bbox_x,size,0.42901632914380194,2
ut,D1-040,size_bbox_y,size,0.6511090253733671,2
ut,D1-040,size_bbox_z,size,0.6090739126786443,2
ut,D1-040,size_centroid,size,0.5078948201947358,2
ut,D1-040,size_volume_mm3,size,0.950292335164768,2
ut,D1-041,shape_aniso,shape,0.020714166324434825,2
ut,D1-041,shape_aspect_yx,shape,0.012929414110405083,2
ut,D1-041,shape_aspect_zx,shape,0.0771092915160246,2
ut,D1-041,shape_elong_21,shape,0.017129910345991393,2
ut,D1-041,shape_elong_31,shape,0.020458845710164028,2
ut,D1-041,shape_flatness,shape,0.03757558738370765,2
ut,D1-041,shape_sa_vol_norm,shape,0.1070332604436174,2
ut,D1-041,shape_sphericity,shape,0.10703326044361737,2
ut,D1-041,size_area_mm2,size,0.13216038689207996,2
ut,D1-041,size_bbox_diag,size,0.005395851677569064,2
ut,D1-041,size_bbox_x,size,0.01882498090550212,2
ut,D1-041,size_bbox_y,size,0.005897002101665741,2
ut,D1-041,size_bbox_z,size,0.05836903799358494,2
ut,D1-041,size_centroid,size,0.020090754886031778,2
ut,D1-041,size_volume_mm3,size,0.0382211491656769,2
ov,D1-001,shape_aniso,shape,0.11658165128499945,3
ov,D1-001,shape_aspect_yx,shape,0.08467658138598311,3
ov,D1-001,shape_aspect_zx,shape,0.19668723577103495,3
ov,D1-001,shape_elong_21,shape,0.14548504840129048,3
ov,D1-001,shape_elong_31,shape,0.2788506958077288,3
ov,D1-001,shape_flatness,shape,0.3031433874382985,3
ov,D1-001,shape_sa_vol_norm,shape,0.04865045175113102,3
ov,D1-001,shape_sphericity,shape,0.04703266764693054,3
ov,D1-001,size_area_mm2,size,0.049890138433731225,3
ov,D1-001,size_bbox_diag,size,0.015701389652427268,3
ov,D1-001,size_bbox_x,size,0.057569007793820966,3
ov,D1-001,size_bbox_y,size,0.026448434090436953,3
ov,D1-001,size_bbox_z,size,0.14184281539775537,3
ov,D1-001,size_centroid,size,0.011713797943656425,3
ov,D1-001,size_volume_mm3,size,0.13957998491014895,3
ov,D1-002,shape_aniso,shape,0.010298735982441106,3
ov,D1-002,shape_aspect_yx,shape,0.048624991520477535,3
ov,D1-002,shape_aspect_zx,shape,0.034489998783132775,3
ov,D1-002,shape_elong_21,shape,0.26724455473454317,3
ov,D1-002,shape_elong_31,shape,0.2866899375214084,3
ov,D1-002,shape_flatness,shape,0.07372728950206474,3
ov,D1-002,shape_sa_vol_norm,shape,0.10108586746429567,3
ov,D1-002,shape_sphericity,shape,0.10545282668199771,3
ov,D1-002,size_area_mm2,size,0.2934102701110277,3
ov,D1-002,size_bbox_diag,size,0.05446047353628478,3
ov,D1-002,size_bbox_x,size,0.04987116130800549,3
ov,D1-002,size_bbox_y,size,0.07478237977063511,3
ov,D1-002,size_bbox_z,size,0.07518131103062634,3
ov,D1-002,size_centroid,size,0.07091195965679972,3
ov,D1-002,size_volume_mm3,size,0.29731929898566384,3
ov,D1-003,shape_aniso,shape,0.00030883876036877264,2
ov,D1-003,shape_aspect_yx,shape,0.007727115614713354,2
ov,D1-003,shape_aspect_zx,shape,0.006658013454133049,2
ov,D1-003,shape_elong_21,shape,0.04865906762155478,2
ov,D1-003,shape_elong_31,shape,0.014421525325224487,2
ov,D1-003,shape_flatness,shape,0.06303635794054323,2
ov,D1-003,shape_sa_vol_norm,shape,0.005957357595813256,2
ov,D1-003,shape_sphericity,shape,0.005957357595813249,2
ov,D1-003,size_area_mm2,size,0.014587192043141142,2
ov,D1-003,size_bbox_diag,size,0.009973074266130711,2
ov,D1-003,size_bbox_x,size,0.010645284673627495,2
ov,D1-003,size_bbox_y,size,0.002918409119501145,2
ov,D1-003,size_bbox_z,size,0.003987553843149375,2
ov,D1-003,size_centroid,size,0.0006791408779050158,2
ov,D1-003,size_volume_mm3,size,0.03080872913992298,2
ov,D1-004,shape_aniso,shape,0.003346156028569773,3
ov,D1-004,shape_aspect_yx,shape,0.05223824021397517,3
ov,D1-004,shape_aspect_zx,shape,0.025253270803929802,3
ov,D1-004,shape_elong_21,shape,0.16379204682402732,3
ov,D1-004,shape_elong_31,shape,0.04917236073278581,3
ov,D1-004,shape_flatness,shape,0.11058658018262142,3
ov,D1-004,shape_sa_vol_norm,shape,0.03881649227750298,3
ov,D1-004,shape_sphericity,shape,0.039838301794291237,3
ov,D1-004,size_area_mm2,size,0.16458016701454745,3
ov,D1-004,size_bbox_diag,size,0.03836985939272091,3
ov,D1-004,size_bbox_x,size,0.029839058170566164,3
ov,D1-004,size_bbox_y,size,0.06545687020890695,3
ov,D1-004,size_bbox_z,size,0.026305623105025808,3
ov,D1-004,size_centroid,size,0.0772063912480403,3
ov,D1-004,size_volume_mm3,size,0.18933389354712601,3
ov,D1-006,shape_aniso,shape,0.04696501925910106,3
ov,D1-006,shape_aspect_yx,shape,0.3915513884731847,3
ov,D1-006,shape_aspect_zx,shape,0.4179239969882721,3
ov,D1-006,shape_elong_21,shape,0.6920023502444778,3
ov,D1-006,shape_elong_31,shape,0.7797180021948564,3
ov,D1-006,shape_flatness,shape,0.12710729390470826,3
ov,D1-006,shape_sa_vol_norm,shape,0.18692954617050064,3
ov,D1-006,shape_sphericity,shape,0.1652994603162715,3
ov,D1-006,size_area_mm2,size,0.6061939832141064,3
ov,D1-006,size_bbox_diag,size,0.08950573005658492,3
ov,D1-006,size_bbox_x,size,0.016438304778109973,3
ov,D1-006,size_bbox_y,size,0.38917373465687166,3
ov,D1-006,size_bbox_z,size,0.41861675352649025,3
ov,D1-006,size_centroid,size,0.045102312096745034,3
ov,D1-006,size_volume_mm3,size,0.6117723435455747,3
ov,D1-007,shape_aniso,shape,0.15512599958807996,3
ov,D1-007,shape_aspect_yx,shape,0.1603101604715212,3
ov,D1-007,shape_aspect_zx,shape,0.23643283192441586,3
ov,D1-007,shape_elong_21,shape,0.5894276382230779,3
ov,D1-007,shape_elong_31,shape,0.9764345090983931,3
ov,D1-007,shape_flatness,shape,0.6598515516520913,3
ov,D1-007,shape_sa_vol_norm,shape,0.06785444826849875,3
ov,D1-007,shape_sphericity,shape,0.07090677744296364,3
ov,D1-007,size_area_mm2,size,0.8609053680475737,3
ov,D1-007,size_bbox_diag,size,0.34539328414291043,3
ov,D1-007,size_bbox_x,size,0.35124942162723516,3
ov,D1-007,size_bbox_y,size,0.32428454367320014,3
ov,D1-007,size_bbox_z,size,0.45953301008481945,3
ov,D1-007,size_centroid,size,0.37333326351747464,3
ov,D1-007,size_volume_mm3,size,1.1151411084844538,3
ov,D1-008,shape_aniso,shape,0.26573042846137096,2
ov,D1-008,shape_aspect_yx,shape,0.02704177431560779,2
ov,D1-008,shape_aspect_zx,shape,0.017965999628345747,2
ov,D1-008,shape_elong_21,shape,0.06879904863272428,2
ov,D1-008,shape_elong_31,shape,0.2564219340723096,2
ov,D1-008,shape_flatness,shape,0.19099229221863737,2
ov,D1-008,shape_sa_vol_norm,shape,0.019550941221821265,2
ov,D1-008,shape_sphericity,shape,0.019550941221821185,2
ov,D1-008,size_area_mm2,size,0.19225791087941854,2
ov,D1-008,size_bbox_diag,size,0.09621761316925681,2
ov,D1-008,size_bbox_x,size,0.10869752833425457,2
ov,D1-008,size_bbox_y,size,0.08189647840039546,2
ov,D1-008,size_bbox_z,size,0.09090906135306774,2
ov,D1-008,size_centroid,size,0.12323210360318307,2
ov,D1-008,size_volume_mm3,size,0.31072815893840217,2
ov,D1-009,shape_aniso,shape,0.02971567881717384,2
ov,D1-009,shape_aspect_yx,shape,0.12474463592157281,2
ov,D1-009,shape_aspect_zx,shape,0.05743677505234902,2
ov,D1-009,shape_elong_21,shape,0.1770457235916685,2
ov,D1-009,shape_elong_31,shape,0.14000395307594307,2
ov,D1-009,shape_flatness,shape,0.03798326556228966,2
ov,D1-009,shape_sa_vol_norm,shape,0.029466599409101162,2
ov,D1-009,shape_sphericity,shape,0.029466599409101412,2
ov,D1-009,size_area_mm2,size,0.32222955772914785,2
ov,D1-009,size_bbox_diag,size,0.16699549416706785,2
ov,D1-009,size_bbox_x,size,0.14382291599561675,2
ov,D1-009,size_bbox_y,size,0.26383406866862125,2
ov,D1-009,size_bbox_z,size,0.08710569710713434,2
ov,D1-009,size_centroid,size,0.14832753144317637,2
ov,D1-009,size_volume_mm3,size,0.49707385807773896,2
ov,D1-010,shape_aniso,shape,0.01971930955721546,3
ov,D1-010,shape_aspect_yx,shape,0.2721297790684123,3
ov,D1-010,shape_aspect_zx,shape,0.1833773213696443,3
ov,D1-010,shape_elong_21,shape,0.06978471067293837,3
ov,D1-010,shape_elong_31,shape,0.10885244041410486,3
ov,D1-010,shape_flatness,shape,0.18065045076734923,3
ov,D1-010,shape_sa_vol_norm,shape,0.12530477675666282,3
ov,D1-010,shape_sphericity,shape,0.11616381119283987,3
ov,D1-010,size_area_mm2,size,1.216703318243329,3
ov,D1-010,size_bbox_diag,size,0.7394022990277349,3
ov,D1-010,size_bbox_x,size,0.6349017640671988,3
ov,D1-010,size_bbox_y,size,0.8773008345206674,3
ov,D1-010,size_bbox_z,size,0.8039018130737419,3
ov,D1-010,size_centroid,size,0.7296025691817524,3
ov,D1-010,size_volume_mm3,size,1.344392079817373,3
ov,D1-017,shape_aniso,shape,0.019629048667798493,2
ov,D1-017,shape_aspect_yx,shape,0.4833860754644611,2
ov,D1-017,shape_aspect_zx,shape,0.45062661556082817,2
ov,D1-017,shape_elong_21,shape,0.1085909165146453,2
ov,D1-017,shape_elong_31,shape,0.08284052792403641,2
ov,D1-017,shape_flatness,shape,0.02598413482191619,2
ov,D1-017,shape_sa_vol_norm,shape,0.10073633262352631,2
ov,D1-017,shape_sphericity,shape,0.1007363326235263,2
ov,D1-017,size_area_mm2,size,0.23311496806154475,2
ov,D1-017,size_bbox_diag,size,0.4492100038028145,2
ov,D1-017,size_bbox_x,size,0.553340845793937,2
ov,D1-017,size_bbox_y,size,0.09549842823232554,2
ov,D1-017,size_bbox_z,size,0.13683373827942497,2
ov,D1-017,size_centroid,size,0.13238273850493287,2
ov,D1-017,size_volume_mm3,size,0.2017945929173018,2
ov,D1-018,shape_aniso,shape,0.012001082184038931,2
ov,D1-018,shape_aspect_yx,shape,0.07110197339426591,2
ov,D1-018,shape_aspect_zx,shape,0.09464843620398361,2
ov,D1-018,shape_elong_21,shape,0.4203713256868703,2
ov,D1-018,shape_elong_31,shape,0.5279983254587806,2
ov,D1-018,shape_flatness,shape,0.13833010818406455,2
ov,D1-018,shape_sa_vol_norm,shape,0.029727781398966684,2
ov,D1-018,shape_sphericity,shape,0.029727781398966757,2
ov,D1-018,size_area_mm2,size,0.25789243941828266,2
ov,D1-018,size_bbox_diag,size,0.013491127782973504,2
ov,D1-018,size_bbox_x,size,0.032962309046621015,2
ov,D1-018,size_bbox_y,size,0.0382292617033028,2
ov,D1-018,size_bbox_z,size,0.06187917974087819,2
ov,D1-018,size_centroid,size,0.06195389220110772,2
ov,D1-018,size_volume_mm3,size,0.337412078078828,2
ov,D1-019,shape_aniso,shape,0.03659600763311385,2
ov,D1-019,shape_aspect_yx,shape,0.1427704191529264,2
ov,D1-019,shape_aspect_zx,shape,0.09583102944108046,2
ov,D1-019,shape_elong_21,shape,0.17542604611869123,2
ov,D1-019,shape_elong_31,shape,0.09733820836267397,2
ov,D1-019,shape_flatness,shape,0.07944440313688343,2
ov,D1-019,shape_sa_vol_norm,shape,0.0718166530342909,2
ov,D1-019,shape_sphericity,shape,0.07181665303429087,2
ov,D1-019,size_area_mm2,size,0.029549844628646852,2
ov,D1-019,size_bbox_diag,size,0.04986365683623852,2
ov,D1-019,size_bbox_x,size,0.09638103658328005,2
ov,D1-019,size_bbox_y,size,0.04703662348866644,2
ov,D1-019,size_bbox_z,size,0.0005551345278833174,2
ov,D1-019,size_centroid,size,0.05886320832624602,2
ov,D1-019,size_volume_mm3,size,0.15108288552353036,2
ov,D1-020,shape_aniso,shape,0.0017707087172190077,2
ov,D1-020,shape_aspect_yx,shape,0.01428664040865223,2
ov,D1-020,shape_aspect_zx,shape,0.04343508793759317,2
ov,D1-020,shape_elong_21,shape,0.09939849464035926,2
ov,D1-020,shape_elong_31,shape,0.06061732188098398,2
ov,D1-020,shape_flatness,shape,0.0390162562589535,2
ov,D1-020,shape_sa_vol_norm,shape,0.05954612812044966,2
ov,D1-020,shape_sphericity,shape,0.05954612812044961,2
ov,D1-020,size_area_mm2,size,0.17596709474957148,2
ov,D1-020,size_bbox_diag,size,0.01885481836009673,2
ov,D1-020,size_bbox_x,size,0.015222656815687814,2
ov,D1-020,size_bbox_y,size,0.0009362200167490016,2
ov,D1-020,size_bbox_z,size,0.058618986029933005,2
ov,D1-020,size_centroid,size,0.011619035327574684,2
ov,D1-020,size_volume_mm3,size,0.17546696525118696,2
ov,D1-023,shape_aniso,shape,0.002580949503723493,2
ov,D1-023,shape_aspect_yx,shape,0.10181855623236799,2
ov,D1-023,shape_aspect_zx,shape,0.22658648021266597,2
ov,D1-023,shape_elong_21,shape,0.18041503921458885,2
ov,D1-023,shape_elong_31,shape,0.10606361641845394,2
ov,D1-023,shape_flatness,shape,0.281099680700026,2
ov,D1-023,shape_sa_vol_norm,shape,0.010651268801157946,2
ov,D1-023,shape_sphericity,shape,0.010651268801157942,2
ov,D1-023,size_area_mm2,size,0.07376082926079636,2
ov,D1-023,size_bbox_diag,size,0.017175977582712457,2
ov,D1-023,size_bbox_x,size,0.014447045043630487,2
ov,D1-023,size_bbox_y,size,0.11609482842243743,2
ov,D1-023,size_bbox_z,size,0.21283615540622328,2
ov,D1-023,size_centroid,size,0.0016973055536794578,2
ov,D1-023,size_volume_mm3,size,0.09458149305181515,2
ov,D1-025,shape_aniso,shape,0.10722702317051212,2
ov,D1-025,shape_aspect_yx,shape,0.06777895356222914,2
ov,D1-025,shape_aspect_zx,shape,0.03220330034657809,2
ov,D1-025,shape_elong_21,shape,0.716732841605486,2
ov,D1-025,shape_elong_31,shape,0.6756886766074567,2
ov,D1-025,shape_flatness,shape,0.07958741721472978,2
ov,D1-025,shape_sa_vol_norm,shape,0.08594878149386685,2
ov,D1-025,shape_sphericity,shape,0.08594878149386681,2
ov,D1-025,size_area_mm2,size,0.32101124278390886,2
ov,D1-025,size_bbox_diag,size,0.3360899335134483,2
ov,D1-025,size_bbox_x,size,0.3470891210710574,2
ov,D1-025,size_bbox_y,size,0.2860393394853373,2
ov,D1-025,size_bbox_z,size,0.3750997754808278,2
ov,D1-025,size_centroid,size,0.43664292100995816,2
ov,D1-025,size_volume_mm3,size,0.3539209807448864,2
ov,D1-037,shape_aniso,shape,0.0004990796566744654,2
ov,D1-037,shape_aspect_yx,shape,0.04297718381894832,2
ov,D1-037,shape_aspect_zx,shape,0.14884680545958998,2
ov,D1-037,shape_elong_21,shape,0.2724175118551342,2
ov,D1-037,shape_elong_31,shape,0.01367432721326694,2
ov,D1-037,shape_flatness,shape,0.2850300661025914,2
ov,D1-037,shape_sa_vol_norm,shape,0.03860670320205428,2
ov,D1-037,shape_sphericity,shape,0.0386067032020542,2
ov,D1-037,size_area_mm2,size,0.25700051742814745,2
ov,D1-037,size_bbox_diag,size,0.04992451520104327,2
ov,D1-037,size_bbox_x,size,0.052722716114159074,2
ov,D1-037,size_bbox_y,size,0.009767664591099267,2
ov,D1-037,size_bbox_z,size,0.2,2
ov,D1-037,size_centroid,size,0.05384759328515108,2
ov,D1-037,size_volume_mm3,size,0.3242617893345086,2
ov,D1-038,shape_aniso,shape,0.17017310878502154,2
ov,D1-038,shape_aspect_yx,shape,0.06398610180140735,2
ov,D1-038,shape_aspect_zx,shape,0.02875711895113152,2
ov,D1-038,shape_elong_21,shape,0.583515811462085,2
ov,D1-038,shape_elong_31,shape,0.7200628656744095,2
ov,D1-038,shape_flatness,shape,0.2354941950030886,2
ov,D1-038,shape_sa_vol_norm,shape,0.1677465573729217,2
ov,D1-038,shape_sphericity,shape,0.16774655737292174,2
ov,D1-038,size_area_mm2,size,0.6900187776138219,2
ov,D1-038,size_bbox_diag,size,0.5141779675316663,2
ov,D1-038,size_bbox_x,size,0.5300268841443567,2
ov,D1-038,size_bbox_y,size,0.4824011042424635,2
ov,D1-038,size_bbox_z,size,0.5090283995532365,2
ov,D1-038,size_centroid,size,0.5734549663998487,2
ov,D1-038,size_volume_mm3,size,0.7690371024734982,2
ov,D1-040,shape_aniso,shape,0.0005122971443733522,2
ov,D1-040,shape_aspect_yx,shape,0.01739688373768367,2
ov,D1-040,shape_aspect_zx,shape,0.08494505690928882,2
ov,D1-040,shape_elong_21,shape,0.10628235940142221,2
ov,D1-040,shape_elong_31,shape,0.02403922636375853,2
ov,D1-040,shape_flatness,shape,0.1299894697289552,2
ov,D1-040,shape_sa_vol_norm,shape,0.051497050904320635,2
ov,D1-040,shape_sphericity,shape,0.05149705090432065,2
ov,D1-040,size_area_mm2,size,0.0432132482325625,2
ov,D1-040,size_bbox_diag,size,0.0019654745614924984,2
ov,D1-040,size_bbox_x,size,0.00018349864446960847,2
ov,D1-040,size_bbox_y,size,0.01758032626039717,2
ov,D1-040,size_bbox_z,size,0.08476287948948777,2
ov,D1-040,size_centroid,size,0.00447095617541481,2
ov,D1-040,size_volume_mm3,size,0.012453059626274821,2
